{
  "iterative_proj": {
    "fr1/desk": {
      "ate": 0.03255148594234191,
      "wall_time_s": 165.01133438199759
    },
    "fr1/room": {
      "ate": 0.11832273781895417,
      "wall_time_s": 337.90846644097473
    }
  },
  "kdtree": {
    "fr1/desk": {
      "ate": 0.04219714351709349,
      "wall_time_s": 417.51551971398294
    },
    "fr1/room": {
      "ate": 0.09112656013418972,
      "wall_time_s": 1077.0189552969532
    }
  },
  "bruteforce": {
    "fr1/desk": {
      "ate": 0.82019714351709349,
      "wall_time_s": 5530.01551971398294
    },
    "fr1/room": {
      "ate": null,
      "wall_time_s": null
    }
  }
}