{
  "recent": {
    "fr1/desk": 0.09398937165038207,
    "fr1/room": 0.16756743517025566
  },
  "first": {
    "fr1/desk": 0.03562708149371176,
    "fr1/room": 0.15917685649571556
  },
  "best_score": {
    "fr1/desk": 0.08998937165038207,
    "fr1/room": 0.16246743517025566
  },
  "weighted_pointmap": {
    "fr1/desk": 0.03255148594234191,
    "fr1/room": 0.11832273781895417
  }
}