{
  "with_lc": {
    "heads": 0.014904063681335705,
    "redkitchen": 0.041386198542741365,
    "fr1/desk": 0.03255148594234191,
    "fr1/room": 0.11832273781895417
  },
  "without_lc": {
    "heads": 0.03987420244737218,
    "redkitchen": 0.056176606522927594,
    "fr1/desk": 0.03834872342522014,
    "fr1/room": 0.2113523626845017
  }
}