{
  "ray": {
    "fr1/desk": 0.03757189583079702,
    "fr1/room": 0.11836778679045619
  },
  "point": {
    "fr1/desk": 0.7422149521585039,
    "fr1/room": 0.7909645479840888
  }
}